rho,rep,seed,D_within_team_mse,H_sorting_index,global_wss,centroid_sd,n_teams
0.0,0,5412015,0.932005543090265,0.06744274604172296,5619.993424834298,0.25962058121460746,402
0.0,1,5412016,0.9358940405317866,0.06355194676163978,5643.441064406673,0.25202053239505895,402
0.0,2,5412017,0.9457079330944852,0.053732244757973224,5702.618836559745,0.2317335888169652,402
0.0,3,5412018,0.9277211695536484,0.07172965576008261,5594.1586524085,0.2677446913139961,402
0.0,4,5412019,0.9327115837620886,0.06673628742140658,5624.250850085395,0.2582572467877461,402
0.0,5,5412020,0.9380475454422899,0.06139716706036691,5656.426699017008,0.24771121056219006,402
0.0,6,5412021,0.9227337886016217,0.07671998904677557,5564.084745267779,0.27690178886900285,402
0.0,7,5412022,0.9328472020722061,0.0666005888305482,5625.068628495403,0.25799454879564676,402
0.0,8,5412023,0.9308008127416568,0.06864818954362861,5612.72890083219,0.2619304803546519,402
0.0,9,5412024,0.9320358270833107,0.06741244412173653,5620.176037312363,0.2595622511020523,402
0.0,10,5412025,0.9299197393772856,0.06952978446900804,5607.416028445032,0.26360699896472783,402
0.0,11,5412026,0.9330550276119751,0.0663926402661793,5626.32181650021,0.2575914627244088,402
0.0,12,5412027,0.939303530902431,0.06014043810590475,5664.000291341659,0.24516292211108187,402
0.0,13,5412028,0.9353477601158457,0.06409855055424363,5640.14699349855,0.2531020133555435,402
0.0,14,5412029,0.9334447591447801,0.06600267802753379,5628.671897643024,0.25683385706657796,402
0.0,15,5412030,0.9258838832598262,0.07356802965560783,5583.079816056752,0.27115402637735125,402
0.0,16,5412031,0.9280329416986951,0.07141769905810691,5596.038638443131,0.2671618378095577,402
0.0,17,5412032,0.9309948813804225,0.06845400602381102,5613.899134723948,0.2615597597109559,402
0.0,18,5412033,0.9302666082093972,0.06918271030409984,5609.507647502665,0.2629482478950529,402
0.0,19,5412034,0.930056791897629,0.06939265081892709,5608.242455142703,0.26334691451172637,402
0.0,20,5412035,0.9385266575258726,0.06091777136114973,5659.315744881012,0.24674223747587876,402
0.0,21,5412036,0.9382792238182731,0.06116535153983671,5657.823719624187,0.24724313026290995,402
0.0,22,5412037,0.9395380338984716,0.059905796293252656,5665.414344407784,0.24468419520272228,402
0.0,23,5412038,0.9320541839784197,0.06739407636006278,5620.286729389871,0.25952688743568736,402
0.0,24,5412039,0.9305888545670136,0.06886027318923005,5611.450793039092,0.2623347760276209,402
0.0,25,5412040,0.93484650814257,0.06460009924910359,5637.124444099697,0.2540903011488348,402
0.0,26,5412041,0.9277682088891701,0.07168258857911203,5594.442299601696,0.2676568332609975,402
0.0,27,5412042,0.939861471575563,0.05958216715369313,5667.364673600645,0.2440223713205664,402
0.0,28,5412043,0.9369657040931988,0.062479648817269084,5649.903195681989,0.2498853440825944,402
0.0,29,5412044,0.927731581794017,0.07171923735607444,5594.221438217923,0.26772524626276545,402
0.05,0,5417015,0.9251411844217812,0.07431116814234762,5578.601342063341,0.27252009991685794,402
0.05,1,5417016,0.9352070120562969,0.06423938193114465,5639.29828269947,0.25337990690695755,402
0.05,2,5417017,0.9320647055436654,0.06738354856646167,5620.350174428302,0.25950661597888025,402
0.05,3,5417018,0.9243964367564675,0.07505635666918187,5574.110513641499,0.27388310010661104,402
0.05,4,5417019,0.925669209989651,0.07378283000397168,5581.785336237595,0.2715495890087566,402
0.05,5,5417020,0.9283193715727179,0.0711310996287895,5597.765810583489,0.26662523831730084,402
0.05,6,5417021,0.929652554697444,0.06979712731174115,5605.804904825587,0.264113298762163,402
0.05,7,5417022,0.9299832047723303,0.06946628150492895,5607.798724777152,0.2634865926534882,402
0.05,8,5417023,0.9348900997373853,0.06455648184976726,5637.387301416434,0.2540045069346019,402
0.05,9,5417024,0.9298070037442091,0.06964258683717461,5606.736232577581,0.2638207450832219,402
0.05,10,5417025,0.9275031893489322,0.07194776500056344,5592.844231774061,0.26815144961671056,402
0.05,11,5417026,0.9264476758057577,0.07300390336651652,5586.479485108719,0.2701124089610062,402
0.05,12,5417027,0.9283208668900967,0.0711296034262412,5597.7748273472835,0.26662243414682624,402
0.05,13,5417028,0.9193230788652191,0.08013271779008557,5543.5181655572715,0.2829934812239609,402
0.05,14,5417029,0.9240277401855282,0.07542527149408618,5571.887273318735,0.2745553661740147,402
0.05,15,5417030,0.9244212877445767,0.07503149097025874,5574.260365099797,0.2738377284741801,402
0.05,16,5417031,0.93240151573281,0.06704653899884405,5622.381139868845,0.25885685918604767,402
0.05,17,5417032,0.9269883337512766,0.07246292537261734,5589.739652520198,0.26910974625456957,402
0.05,18,5417033,0.9336050719751656,0.0658422702982161,5629.638584010248,0.25652157278737775,402
0.05,19,5417034,0.9269667230801374,0.07248454883642952,5589.609340173229,0.2691498954120885,402
0.05,20,5417035,0.9326339908203256,0.06681392629515959,5623.782964646563,0.2584074272542295,402
0.05,21,5417036,0.9293574439606181,0.07009241274259315,5604.025387082527,0.26467139120021527,402
0.05,22,5417037,0.9255805873132261,0.07387150514155849,5581.2509414987535,0.27171271955366644,402
0.05,23,5417038,0.9287738203812606,0.07067638180430758,5600.506136899001,0.265771648034953,402
0.05,24,5417039,0.9279467142648725,0.07150397753520144,5595.518687017181,0.2673231658790592,402
0.05,25,5417040,0.928073541673081,0.07137707505012247,5596.283456288678,0.267085843142976,402
0.05,26,5417041,0.9301940362807042,0.0692553251925393,5609.0700387726465,0.2630862083039919,402
0.05,27,5417042,0.9382964712380445,0.061148093910266765,5657.927721565408,0.24720824833008895,402
0.05,28,5417043,0.9363888129400716,0.06305688146741983,5646.424542028632,0.25103700193478223,402
0.05,29,5417044,0.9298358877752356,0.06961368570793025,5606.910403284671,0.26376599762903474,402
0.1,0,5422015,0.9242908004486813,0.07516205550953503,5573.4735267055485,0.2740758815215123,402
0.1,1,5422016,0.9198254422924995,0.07963005698328363,5546.547417023772,0.2821044965752511,402
0.1,2,5422017,0.9220474056803325,0.07740677827993725,5559.945856252405,0.2781384252492686,402
0.1,3,5422018,0.9277175372595892,0.07173329020431796,5594.136749675323,0.267751474358007,402
0.1,4,5422019,0.9191302870572781,0.08032562372324448,5542.355630955387,0.2833339058834954,402
0.1,5,5422020,0.9192586512773255,0.0801971835165941,5543.129667202273,0.2831072906216831,402
0.1,6,5422021,0.9191498910714235,0.08030600810428867,5542.473843160684,0.2832993085220151,402
0.1,7,5422022,0.9237701948415076,0.07568296929488816,5570.3342748942905,0.2750239888427332,402
0.1,8,5422023,0.9229547053297814,0.07649894154454417,5565.416873138582,0.27650259302707125,402
0.1,9,5422024,0.9151305291286249,0.08432774935232079,5518.237090645608,0.2903064934717283,402
0.1,10,5422025,0.9246220225720387,0.07483063731562145,5575.470796109394,0.27347096136232973,402
0.1,11,5422026,0.9190355784752094,0.08042038836909349,5541.784538205513,0.28350098907281795,402
0.1,12,5422027,0.9278645034581172,0.0715862370075423,5595.022955852447,0.26747688838918054,402
0.1,13,5422028,0.9257601783663987,0.07369180777749906,5582.333875549384,0.27138203867256383,402
0.1,14,5422029,0.9252388339218892,0.07421346083755076,5579.190168548992,0.27234088080673136,402
0.1,15,5422030,0.9228427090060781,0.07661100416569533,5564.741535306651,0.2767050420111592,402
0.1,16,5422031,0.9133582589931134,0.08610106860250988,5507.550301728474,0.2933430249509301,402
0.1,17,5422032,0.9299900619678783,0.06945942025018914,5607.840073666306,0.2634735799138069,402
0.1,18,5422033,0.9277363470560653,0.07171446927317715,5594.250172748074,0.26771634657676435,402
0.1,19,5422034,0.9220239973597252,0.07743020045735582,5559.8047040791425,0.27818050240940745,402
0.1,20,5422035,0.9272831863539801,0.07216789822869307,5591.5176137145,0.26856135784303636,402
0.1,21,5422036,0.926579793314642,0.07287170764922879,5587.276153687291,0.2698677379121734,402
0.1,22,5422037,0.9192293639148409,0.08022648821605294,5542.953064406491,0.28315901074420097,402
0.1,23,5422038,0.9225821348167069,0.07687173260480595,5563.1702729447425,0.2771754939812835,402
0.1,24,5422039,0.9154333104556306,0.08402478879059916,5520.062862047453,0.28978453862282716,402
0.1,25,5422040,0.9259097780692862,0.07354211951743228,5583.235961757796,0.2711062729100698,402
0.1,26,5422041,0.9195632412670546,0.07989241322149143,5544.966344840339,0.28256883765451035,402
0.1,27,5422042,0.927009506654883,0.07244173993547931,5589.867325128945,0.2690704045888223,402
0.1,28,5422043,0.9232444251372174,0.07620905023430147,5567.163883577421,0.27597819505036647,402
0.1,29,5422044,0.925985427844308,0.07346642496069933,5583.692129901177,0.27096671647301507,402
0.15000000000000002,0,5427015,0.9163638480965964,0.08309370030770602,5525.674004022477,0.28817449780277066,402
0.15000000000000002,1,5427016,0.9148554751952229,0.08460296610690488,5516.578515427194,0.2907798378245172,402
0.15000000000000002,2,5427017,0.914127573954809,0.08533129823641394,5512.189270947499,0.2920287919463875,402
0.15000000000000002,3,5427018,0.913322222110157,0.08613712681789298,5507.332999324247,0.29340444299689533,402
0.15000000000000002,4,5427019,0.9128489802296779,0.08661064883907577,5504.479350784957,0.2942098044776851,402
0.15000000000000002,5,5427020,0.9178588033682209,0.0815978600809687,5534.688584310372,0.2855688812042635,402
0.15000000000000002,6,5427021,0.899947936136522,0.0995193298462903,5426.686054903228,0.315373513700744,402
0.15000000000000002,7,5427022,0.9135248487689135,0.08593438021207112,5508.554838076549,0.293058936924916,402
0.15000000000000002,8,5427023,0.9087693030569025,0.09069274102134428,5479.878897433122,0.30106325950466456,402
0.15000000000000002,9,5427024,0.9166993580534137,0.08275799174210263,5527.697129062085,0.28759177878907055,402
0.15000000000000002,10,5427025,0.9149718683866414,0.0844865040152647,5517.280366371448,0.2905796291790501,402
0.15000000000000002,11,5427026,0.9249032954639923,0.07454919792110526,5577.166871647873,0.2729562122694466,402
0.15000000000000002,12,5427027,0.9148532979425383,0.08460514464843805,5516.565386593506,0.29078358161687373,402
0.15000000000000002,13,5427028,0.9188520041991509,0.0806040713139512,5540.67758532088,0.2838245674379237,402
0.15000000000000002,14,5427029,0.9140297191462594,0.08542921097118716,5511.599206451944,0.29219628699594424,402
0.15000000000000002,15,5427030,0.9216406673798891,0.07781375735356322,5557.4932243007315,0.2788686463204252,402
0.15000000000000002,16,5427031,0.9195095788726685,0.07994610738191843,5544.642760602191,0.28266377625689326,402
0.15000000000000002,17,5427032,0.9164736324477613,0.08298385096849459,5526.336003660001,0.2879839523874797,402
0.15000000000000002,18,5427033,0.9183725754302309,0.08108378388597115,5537.786629844292,0.284667900983312,402
0.15000000000000002,19,5427034,0.91867866689828,0.08077751122373189,5539.632361396629,0.28412976328113787,402
0.15000000000000002,20,5427035,0.9324872487942177,0.06696075518681377,5622.898110229133,0.25869120682052127,402
0.15000000000000002,21,5427036,0.9143974022670891,0.08506131019631535,5513.816335670547,0.2915664367059186,402
0.15000000000000002,22,5427037,0.9095771906396474,0.08988437520071457,5484.750459557074,0.29971853236132767,402
0.15000000000000002,23,5427038,0.9193554715133906,0.08010030596673201,5543.713493225745,0.28293624329004724,402
0.15000000000000002,24,5427039,0.9150165203796675,0.08444182559000313,5517.549617889395,0.2905027863907811,402
0.15000000000000002,25,5427040,0.91309309311465,0.0863663914488132,5505.95135148134,0.29379464965486585,402
0.15000000000000002,26,5427041,0.915935564583288,0.08352223734812136,5523.091454437226,0.2889166397028519,402
0.15000000000000002,27,5427042,0.9235310666346086,0.07592223905634288,5568.89233180669,0.27545838641411324,402
0.15000000000000002,28,5427043,0.9144020065121742,0.08505670322569703,5513.84409926841,0.29155854089410843,402
0.15000000000000002,29,5427044,0.9031312248571924,0.09633415674306856,5445.8812858888705,0.31028561749343636,402
0.2,0,5432015,0.9036590001989812,0.09580606897889776,5449.063771199856,0.3094339817820504,402
0.2,1,5432016,0.9160047590334881,0.08345300193751004,5523.508696971933,0.2887968667541035,402
0.2,2,5432017,0.9123044479465147,0.08715550346407575,5501.195821117483,0.2951337685422675,402
0.2,3,5432018,0.9168207623788569,0.08263651555004214,5528.429197144507,0.2873806307001545,402
0.2,4,5432019,0.9162735943714277,0.08318400745955379,5525.129774059709,0.28833105089297567,402
0.2,5,5432020,0.9136905202284357,0.08576861068151775,5509.553836977467,0.29277614153485904,402
0.2,6,5432021,0.9156585998637872,0.083799366019915,5521.421357178637,0.28939555873697914,402
0.2,7,5432022,0.9104473476408511,0.08901370310056322,5489.997506274332,0.2982633762962264,402
0.2,8,5432023,0.9097139084501754,0.08974757645858433,5485.574867954558,0.2994903685100743,402
0.2,9,5432024,0.9095628528063591,0.08989872152143996,5484.664002422345,0.29974245023706,402
0.2,10,5432025,0.9133910778961942,0.08606823027192056,5507.748199714051,0.2932870801523335,402
0.2,11,5432026,0.9081615220989311,0.09130088176189677,5476.213978256555,0.30207096381735277,402
0.2,12,5432027,0.9091207638347422,0.09034107219245568,5481.998205923495,0.300478993351837,402
0.2,13,5432028,0.9035480540987187,0.09591708075491678,5448.394766215274,0.30961320253141134,402
0.2,14,5432029,0.9144328387379994,0.08502585274839869,5514.030017590137,0.2915056612528752,402
0.2,15,5432030,0.9043878812046182,0.09507675650418279,5453.458923663848,0.3082539668452903,402
0.2,16,5432031,0.9111602422384507,0.08830038649721461,5494.296260697858,0.29706589680073453,402
0.2,17,5432032,0.9027785720261202,0.09668701833083859,5443.754789317505,0.3108533693791259,402
0.2,18,5432033,0.9221943780836017,0.07725971887474747,5560.832099844119,0.27787409234556876,402
0.2,19,5432034,0.905925693421254,0.09353803396279714,5462.731931330161,0.3057494004233227,402
0.2,20,5432035,0.9122888714223896,0.08717108920889449,5501.101894677009,0.29516015628483117,402
0.2,21,5432036,0.9174104582040732,0.08204647064793669,5531.985062970562,0.28635280874543967,402
0.2,22,5432037,0.9134296908749066,0.08602959443583347,5507.981035975687,0.2932212448059808,402
0.2,23,5432038,0.9146094605047544,0.08484912642845832,5515.0950468436695,0.29120255626577357,402
0.2,24,5432039,0.9111374658313582,0.08832317638705023,5494.15891896309,0.2971042299414757,402
0.2,25,5432040,0.9136155137853155,0.0858436615255217,5509.101548125453,0.2929042087358255,402
0.2,26,5432041,0.9099294453298968,0.0895319119894511,5486.874555339278,0.29913031265750833,402
0.2,27,5432042,0.9053663546570146,0.0940977038337314,5459.359118581799,0.306662737585545,402
0.2,28,5432043,0.9042755179078314,0.09518918631565121,5452.781372984224,0.3084361706620092,402
0.2,29,5432044,0.9225366864349025,0.07691720789027678,5562.896219202462,0.27725746670842427,402
0.25,0,5437015,0.9085596911207977,0.0909024770395257,5478.61493745841,0.3014111778943804,402
0.25,1,5437016,0.9045826921262056,0.09488183026214103,5454.63363352102,0.3079378137778305,402
0.25,2,5437017,0.9027423214982085,0.09672329031764648,5443.536198634198,0.31091167199426106,402
0.25,3,5437018,0.8961698753654349,0.103299627081745,5403.904348453572,0.3213075067828959,402
0.25,4,5437019,0.9131637122281692,0.08629573053153794,5506.37718473586,0.2936744405839674,402
0.25,5,5437020,0.9022789659051158,0.09718692019914699,5440.742164407849,0.3116559374941535,402
0.25,6,5437021,0.8981777706622512,0.10129054318936148,5416.011957093375,0.31816759517308524,402
0.25,7,5437022,0.9171970175172555,0.08226003768330192,5530.69801562905,0.28672525484027395,402
0.25,8,5437023,0.8925091197818251,0.10696254968963448,5381.829992284405,0.3269545373574902,402
0.25,9,5437024,0.8965288814318565,0.10294040849775854,5406.069155034094,0.3207483559562217,402
0.25,10,5437025,0.9144211975754056,0.08503750080210593,5513.959821379696,0.2915256278701235,402
0.25,11,5437026,0.8975134694381333,0.10195523765384984,5412.006220711944,0.31920983669420694,402
0.25,12,5437027,0.9177168590981998,0.08173988837645196,5533.832660362144,0.28581730210446615,402
0.25,13,5437028,0.8991791718287008,0.10028854923254615,5422.050406127066,0.3165899831829408,402
0.25,14,5437029,0.8908492065051735,0.10862344557009285,5371.820715226197,0.3294832056043249,402
0.25,15,5437030,0.8997663222665847,0.09970105122454309,5425.590923267506,0.31566131694252736,402
0.25,16,5437031,0.9031538442376124,0.09631152397285925,5446.017680752802,0.31024916606312275,402
0.25,17,5437032,0.9202632128161634,0.07919202731657349,5549.187173281465,0.2813275252518175,402
0.25,18,5437033,0.9112802403349516,0.08818031736652898,5495.019849219758,0.2968638559096137,402
0.25,19,5437034,0.9022584168571968,0.09720748141129953,5440.618253648897,0.31168890327260385,402
0.25,20,5437035,0.908788267907789,0.09067376494400692,5479.993255483968,0.3010317614018269,402
0.25,21,5437036,0.8977375206428577,0.10173105381956593,5413.357249476432,0.3188586969766041,402
0.25,22,5437037,0.8986117439867615,0.10085631296959852,5418.628816240172,0.3174848741179871,402
0.25,23,5437038,0.9043845152565608,0.09508012444474989,5453.438626997062,0.30825942649644095,402
0.25,24,5437039,0.9047380418879839,0.09472638853937332,5455.570392584543,0.30768546828293913,402
0.25,25,5437040,0.9015133942765003,0.09795294501625573,5436.125767487297,0.3128817588226823,402
0.25,26,5437041,0.9074383528095188,0.09202447913927414,5471.853267441398,0.3032656203247523,402
0.25,27,5437042,0.9194401546507874,0.08001557270022641,5544.224132544248,0.28278655312742146,402
0.25,28,5437043,0.9027793238920729,0.09668626601981056,5443.7593230692,0.31085216001887866,402
0.25,29,5437044,0.9119174286197694,0.08754275189114147,5498.86209457721,0.295788709488219,402
0.30000000000000004,0,5442015,0.8980628591489225,0.1014055227258166,5415.319040668002,0.31834812726251915,402
0.30000000000000004,1,5442016,0.8862643425418913,0.11321102359371049,5344.173985527605,0.33636891464370533,402
0.30000000000000004,2,5442017,0.902795285727659,0.09667029473544153,5443.855572937784,0.3108264846386429,402
0.30000000000000004,3,5442018,0.902282324332219,0.0971835597839863,5440.76241572328,0.31165054941112585,402
0.30000000000000004,4,5442019,0.9000754055400904,0.09939178498581547,5427.454695406745,0.3151713561546877,402
0.30000000000000004,5,5442020,0.8917493334104938,0.10772278582481265,5377.248480465278,0.3281143944876264,402
0.30000000000000004,6,5442021,0.9063501707869499,0.09311330532308504,5465.291529845308,0.30505445168613027,402
0.30000000000000004,7,5442022,0.8853236672645791,0.11415225571403464,5338.501713605412,0.3377642994987722,402
0.30000000000000004,8,5442023,0.8885725154000162,0.11090148438743397,5358.092267862098,0.3329202214952691,402
0.30000000000000004,9,5442024,0.8900159053113007,0.10945724004571533,5366.795909027143,0.33074534610357664,402
0.30000000000000004,10,5442025,0.8884429611578317,0.11103111532066823,5357.311055781725,0.33311473717421136,402
0.30000000000000004,11,5442026,0.8933352622064933,0.10613591822092827,5386.811631105154,0.32568869657079325,402
0.30000000000000004,12,5442027,0.8942709688906438,0.10519965763497874,5392.453942410582,0.3242490098517367,402
0.30000000000000004,13,5442028,0.896374570455771,0.10309481081991301,5405.138659848299,0.3209888141738036,402
0.30000000000000004,14,5442029,0.9085718138104794,0.09089034717368538,5478.68803727719,0.30139106733610427,402
0.30000000000000004,15,5442030,0.9070897650776791,0.09237327322143163,5469.751283418405,0.3038398002283379,402
0.30000000000000004,16,5442031,0.9035755456380867,0.0958895729416317,5448.560540197663,0.3095688027602083,402
0.30000000000000004,17,5442032,0.8916858934994832,0.10778626328977192,5376.865937801884,0.3282110537154293,402
0.30000000000000004,18,5442033,0.887373007260355,0.11210170258904917,5350.85923377994,0.33471686844274906,402
0.30000000000000004,19,5442034,0.9017636911349797,0.09770249999181535,5437.635057543927,0.3124815164861688,402
0.30000000000000004,20,5442035,0.8921891247524754,0.10728273414353928,5379.900422257427,0.32744352876183097,402
0.30000000000000004,21,5442036,0.8990017102677607,0.10046611584379705,5420.980312914597,0.3168701295684319,402
0.30000000000000004,22,5442037,0.8850173779986463,0.1144587262912461,5336.6547893318375,0.3382174023935331,402
0.30000000000000004,23,5442038,0.8968949836613759,0.1025740895500229,5408.276751478096,0.32017714724680085,402
0.30000000000000004,24,5442039,0.8904711548668307,0.10900172100023509,5369.541063846989,0.3300564109567403,402
0.30000000000000004,25,5442040,0.8989344054514099,0.10053346050196943,5420.574464872002,0.3169763143029231,402
0.30000000000000004,26,5442041,0.8918854091494839,0.10758662953430165,5378.069017171388,0.327906968713676,402
0.30000000000000004,27,5442042,0.9082560490138053,0.09120629889078213,5476.783975553246,0.3019144585253747,402
0.30000000000000004,28,5442043,0.8952782387548678,0.10419179150634927,5398.527779691853,0.32269203666283375,402
0.30000000000000004,29,5442044,0.8897415982990897,0.10973170943696042,5365.141837743511,0.33115976654990226,402
0.35000000000000003,0,5447015,0.8974152768032044,0.10205348841498219,5411.414119123323,0.3193636054362973,402
0.35000000000000003,1,5447016,0.8930212956607765,0.10645007062257339,5384.918412834482,0.32617034448229515,402
0.35000000000000003,2,5447017,0.8824466793139228,0.1170309467291537,5321.153476262954,0.3419966519814963,402
0.35000000000000003,3,5447018,0.8834555648879157,0.11602146393431823,5327.237056274132,0.34051846409931985,402
0.35000000000000003,4,5447019,0.8780024301524032,0.12147782671253993,5294.354653818991,0.3484335792200176,402
0.35000000000000003,5,5447020,0.879711004221405,0.1197682412344433,5304.657355455072,0.3459730987505682,402
0.35000000000000003,6,5447021,0.8695375781838813,0.12994768954270508,5243.311596448804,0.3603759302403452,402
0.35000000000000003,7,5447022,0.886916545116719,0.11255843494044004,5348.106767053816,0.3353980384017718,402
0.35000000000000003,8,5447023,0.8819965524041473,0.11748134009647326,5318.439210997009,0.3426541067553811,402
0.35000000000000003,9,5447024,0.8913356463830318,0.10813671773883216,5374.753947689682,0.32874419066721716,402
0.35000000000000003,10,5447025,0.8860945393937703,0.113380927258661,5343.150072544435,0.33662122613808115,402
0.35000000000000003,11,5447026,0.8721976752484888,0.1272860178045654,5259.3519817483875,0.3566661100132541,402
0.35000000000000003,12,5447027,0.8897530091847015,0.10972029179655018,5365.21064538375,0.33114253743029476,402
0.35000000000000003,13,5447028,0.8903016663334699,0.10917130986418577,5368.519047990823,0.33031306808390976,402
0.35000000000000003,14,5447029,0.8913647706871908,0.10810757619422307,5374.92956724376,0.3286998913800926,402
0.35000000000000003,15,5447030,0.8789187110667729,0.12056100339566811,5299.8798277326405,0.3471162315618539,402
0.35000000000000003,16,5447031,0.8899860430047545,0.10948712002958028,5366.61583931867,0.3307904869788745,402
0.35000000000000003,17,5447032,0.881084975292274,0.11839345682638147,5312.942401012412,0.3439817058917544,402
0.35000000000000003,18,5447033,0.8871134095190204,0.11236145400210407,5349.293859399693,0.33510443112775307,402
0.35000000000000003,19,5447034,0.8920770816201036,0.10739484360106788,5379.224802169225,0.32761457180713405,402
0.35000000000000003,20,5447035,0.8847015349897378,0.11477475626687605,5334.750255988119,0.3386840035944091,402
0.35000000000000003,21,5447036,0.882950098404839,0.11652722963380435,5324.189093381179,0.34125985828344435,402
0.35000000000000003,22,5447037,0.8895038539730713,0.1099695944983311,5363.70823945762,0.3315185293575673,402
0.35000000000000003,23,5447038,0.8887469940141268,0.1107269024888008,5359.144373905185,0.3326580756066935,402
0.35000000000000003,24,5447039,0.8825001369243064,0.11697745747395327,5321.475825653568,0.3419184878829588,402
0.35000000000000003,25,5447040,0.8929271251081475,0.10654429692049028,5384.35056440213,0.3263146704828454,402
0.35000000000000003,26,5447041,0.8941298182207729,0.10534089186053164,5391.60280387126,0.3244665946745561,402
0.35000000000000003,27,5447042,0.8851632108462139,0.11431280711633063,5337.534161402669,0.3380017432414539,402
0.35000000000000003,28,5447043,0.8886703250155168,0.11080361687246254,5358.682059843566,0.33277329259566296,402
0.35000000000000003,29,5447044,0.8836725093603682,0.11580439103921403,5328.54523144302,0.3401997647267077,402
0.4,0,5452015,0.8645180106512274,0.1349702284632236,5213.043604226901,0.36727425533141844,402
0.4,1,5452016,0.8831732330363349,0.11630396291532452,5325.534595209099,0.3409327737899959,402
0.4,2,5452017,0.8726245864926757,0.12685885384560147,5261.926256550834,0.3560671324171886,402
0.4,3,5452018,0.8820246220348487,0.11745325384964733,5318.608470870137,0.3426131451734256,402
0.4,4,5452019,0.8826699347948979,0.11680755908965645,5322.499706813234,0.341670095977944,402
0.4,5,5452020,0.8767844948252967,0.1226964830097752,5287.0105037965395,0.35017694734973454,402
0.4,6,5452021,0.8715325205693175,0.12795156622931914,5255.341099032985,0.35759735557070027,402
0.4,7,5452022,0.8800602596933088,0.11941877901694564,5306.763365950652,0.345467986341957,402
0.4,8,5452023,0.8775549722288837,0.12192554951366807,5291.656482540168,0.3490750879847944,402
0.4,9,5452024,0.8770578333755141,0.12242298265381546,5288.65873525435,0.3497864432835573,402
0.4,10,5452025,0.8850867574668382,0.11438930575311979,5337.073147525034,0.3381148204584313,402
0.4,11,5452026,0.8674568684027759,0.13202963102270737,5230.764916468739,0.3632513191685605,402
0.4,12,5452027,0.8844358528985112,0.11504059563152025,5333.148192978023,0.33907600384274367,402
0.4,13,5452028,0.8705188655206548,0.12896582132216716,5249.2287590895485,0.3590118713355042,402
0.4,14,5452029,0.8813468237503592,0.11813145336423958,5314.521347214666,0.34360088115445264,402
0.4,15,5452030,0.8618118570223995,0.13767798402927012,5196.725497845069,0.37094006558752307,402
0.4,16,5452031,0.8623136466134093,0.1371758973984275,5199.751289078858,0.3702630722433256,402
0.4,17,5452032,0.8846711886925809,0.11480512052785519,5334.567267816263,0.33872880094242724,402
0.4,18,5452033,0.8859828645311562,0.11349266822843063,5342.476673122872,0.3367870614339559,402
0.4,19,5452034,0.8778572497004697,0.12162309310562869,5293.479215693833,0.3486418500123095,402
0.4,20,5452035,0.8837645645171497,0.11571228138937639,5329.1003240384125,0.34006444207433073,402
0.4,21,5452036,0.866927691112615,0.13255912156514904,5227.573977409069,0.36397898039290744,402
0.4,22,5452037,0.8778141253199816,0.12166624301406526,5293.219175679489,0.3487036907755551,402
0.4,23,5452038,0.8737525515437341,0.12573022108330245,5268.727885808717,0.35447967182441,402
0.4,24,5452039,0.8917771175586253,0.1076949852295509,5377.416018878511,0.3280720526376031,402
0.4,25,5452040,0.8779108180035399,0.1215694930922161,5293.802232561346,0.34856501728793093,402
0.4,26,5452041,0.877581219271267,0.12189928693406105,5291.81475220574,0.3490374908361687,402
0.4,27,5452042,0.8718101059265001,0.12767381655245036,5257.014938736796,0.3572090191386205,402
0.4,28,5452043,0.880932243572783,0.11854627895708325,5312.021428743881,0.3442036398815279,402
0.4,29,5452044,0.8796943940449993,0.11978486124342458,5304.557196091346,0.3459971029293108,402
0.45,0,5457015,0.8633038891314861,0.13618506869546876,5205.7224514628615,0.3689234339927314,402
0.45,1,5457016,0.8650956524482015,0.1343922447248741,5216.526784262655,0.3664870213694804,402
0.45,2,5457017,0.8646947511739658,0.13479338331700097,5214.109349579014,0.36703356536767817,402
0.45,3,5457018,0.84900485060143,0.1504925716976706,5119.499249126623,0.38781895090240953,402
0.45,4,5457019,0.8694711973692687,0.13001410965216642,5242.91132013669,0.3604680178756597,402
0.45,5,5457020,0.8759814732001229,0.12349997999237716,5282.168283396741,0.35132167038250384,402
0.45,6,5457021,0.8775537564082012,0.12192676605406882,5291.649151141453,0.34907682946920754,402
0.45,7,5457022,0.870415555845767,0.12906919215234613,5248.605801749975,0.3591557230989204,402
0.45,8,5457023,0.8594495778064948,0.14004166162217635,5182.480954173164,0.3741106941454369,402
0.45,9,5457024,0.8533783635656255,0.14611646978467363,5145.871532300722,0.3821387519146023,402
0.45,10,5457025,0.856892226022215,0.14260052725879657,5167.060122913957,0.37751312991505404,402
0.45,11,5457026,0.8696013053464853,0.12988392465611065,5243.695871239306,0.36028750177322305,402
0.45,12,5457027,0.8631338345110964,0.13635522398154976,5204.697022101911,0.3691538361840212,402
0.45,13,5457028,0.855024392064619,0.14446946690111917,5155.797084149653,0.3799789431216637,402
0.45,14,5457029,0.8597367403127463,0.13975432912694064,5184.21254408586,0.37372670357860327,402
0.45,15,5457030,0.8672614656433236,0.13222514945295893,5229.586637829241,0.36352018325968066,402
0.45,16,5457031,0.8737331019259229,0.12574968221452743,5268.610604613315,0.3545071048012332,402
0.45,17,5457032,0.8575145969395638,0.14197778792218085,5170.81301954557,0.3766879243364615,402
0.45,18,5457033,0.8642495019498606,0.13523889611125095,5211.42449675766,0.367639616106065,402
0.45,19,5457034,0.8757090873054528,0.12377252712885467,5280.5257964518805,0.3517091155699872,402
0.45,20,5457035,0.8830026965571887,0.11647460034540347,5324.5062602398475,0.34118278491636533,402
0.45,21,5457036,0.8617710598225988,0.13771880537941916,5196.479490730271,0.37099505314475095,402
0.45,22,5457037,0.8766996492598828,0.12278137880044904,5286.498885037093,0.3502980731043104,402
0.45,23,5457038,0.8760415067176964,0.12343991093730666,5282.53028550771,0.3512362204596487,402
0.45,24,5457039,0.8658048153663146,0.13368266201002055,5220.803036658877,0.3655182265143023,402
0.45,25,5457040,0.8632482406138915,0.13624075015481163,5205.386890901766,0.3689988464298824,402
0.45,26,5457041,0.8521338909022569,0.1473616791272374,5138.367362140609,0.3837635969945804,402
0.45,27,5457042,0.8658320101514559,0.1336554511266289,5220.96702121328,0.36548102430771917,402
0.45,28,5457043,0.8680315081133694,0.13145465114785648,5234.229993923617,0.3624594890013312,402
0.45,29,5457044,0.8655111616258105,0.13397648958206598,5219.032304603637,0.36591970110211997,402
0.5,0,5462015,0.8563857553285732,0.1431072977633011,5164.006104631297,0.37818333378389674,402
0.5,1,5462016,0.859817133601434,0.13967388824856697,5184.697315616647,0.373619131842899,402
0.5,2,5462017,0.8584186382593896,0.14107321144521456,5176.2643887041195,0.37548601974119605,402
0.5,3,5462018,0.8451894351299931,0.15431024574599816,5096.492293833859,0.39270721173729706,402
0.5,4,5462019,0.8528799524488522,0.1466151759413552,5142.866113266578,0.38279033011770713,402
0.5,5,5462020,0.8677377574377894,0.13174857571235965,5232.4586773498695,0.3628644813738129,402
0.5,6,5462021,0.8488617946114424,0.1506357123712151,5118.6366215069975,0.38800334363125427,402
0.5,7,5462022,0.8437663033387606,0.1557342199756493,5087.910809132726,0.39451500090834934,402
0.5,8,5462023,0.8534561040824685,0.1460386832484819,5146.340307617285,0.3820370207165884,402
0.5,9,5462024,0.8563844973252973,0.14310855651126586,5163.998518871543,0.3781849969990589,402
0.5,10,5462025,0.8514720867249876,0.14802387506672288,5134.376682951675,0.38462488551247936,402
0.5,11,5462026,0.8468900724904315,0.15260860167468648,5106.7471371173015,0.39053593533763836,402
0.5,12,5462027,0.8480375327947199,0.1514604621187291,5113.666322752161,0.38906407760901746,402
0.5,13,5462028,0.8456899384224975,0.15380944617509928,5099.51032868766,0.3920694464734249,402
0.5,14,5462029,0.8363255371633708,0.16317939079390387,5043.042989095125,0.40383517939513985,402
0.5,15,5462030,0.8503709259388151,0.14912568769705836,5127.736683411055,0.3860537052557071,402
0.5,16,5462031,0.8689994821363578,0.1304861041220653,5240.066877282237,0.36112173452191687,402
0.5,17,5462032,0.8713754445800792,0.1281087352014061,5254.393930817878,0.3578169150562844,402
0.5,18,5462033,0.8500129244115393,0.14948390114725119,5125.577934201582,0.3865170951833,402
0.5,19,5462034,0.8573689213544134,0.14212354974158603,5169.934595767113,0.3768812384904057,402
0.5,20,5462035,0.8448364675380805,0.15466342228093466,5094.363899254626,0.3931563578811805,402
0.5,21,5462036,0.8504454952822962,0.14905107421143948,5128.186336552246,0.3859571141955792,402
0.5,22,5462037,0.8559961670646666,0.14349711664823883,5161.6568873999395,0.37869806207031076,402
0.5,23,5462038,0.8565855685661071,0.14290736624413736,5165.210978453626,0.3779190663546473,402
0.5,24,5462039,0.8539639755367249,0.14553051115416726,5149.402772486451,0.38137175268201323,402
0.5,25,5462040,0.8579453687839691,0.14154676107767394,5173.4105737673335,0.3761157009438803,402
0.5,26,5462041,0.8539603865464406,0.14553410226899366,5149.381130875036,0.38137645802282416,402
0.5,27,5462042,0.8516973888479124,0.14779843957374394,5135.735254752912,0.3843318883888809,402
0.5,28,5462043,0.8640739394738105,0.13541456251342765,5210.3658550270775,0.3678783084209572,402
0.5,29,5462044,0.8256305334865539,0.17388072549504308,4978.55211692392,0.41686671226414984,402
0.55,0,5467015,0.8451654145271986,0.15433428056805099,5096.347449599008,0.3927377938947013,402
0.55,1,5467016,0.8468057400216714,0.152692984064973,5106.238612330679,0.3906438905944954,402
0.55,2,5467017,0.8254993706163849,0.17401196600850666,4977.761204816801,0.4170240025035616,402
0.55,3,5467018,0.8382381438996895,0.16126565186912278,5054.576007715128,0.40146014170872024,402
0.55,4,5467019,0.839997537363826,0.15950521691279518,5065.185150303871,0.3992628857239921,402
0.55,5,5467020,0.839992089744855,0.15951066775654377,5065.152301161475,0.39926970776108295,402
0.55,6,5467021,0.8445867145047868,0.15491332315826623,5092.857888463865,0.3934738552632039,402
0.55,7,5467022,0.8333337069199164,0.1661729920839714,5025.002252727096,0.40752261576575005,402
0.55,8,5467023,0.8380809348624568,0.16142295396796336,5053.628037220615,0.4016558905556081,402
0.55,9,5467024,0.8368843304832227,0.16262026669023866,5046.412512813833,0.4031427275757964,402
0.55,10,5467025,0.8326856998137959,0.16682138278498093,5021.09476987719,0.40831689833593643,402
0.55,11,5467026,0.8395267253271653,0.15997630765178694,5062.346153722807,0.39985205258108913,402
0.55,12,5467027,0.8527810009174486,0.1467141860481994,5142.269435532215,0.38291955860601706,402
0.55,13,5467028,0.8271763327221281,0.17233401120671588,4987.873286314432,0.41500850179044213,402
0.55,14,5467029,0.8208568472093236,0.17865723760804142,4949.766788672221,0.42255359668467135,402
0.55,15,5467030,0.8521809857848186,0.14731455636634516,5138.651344282456,0.3837022328520605,402
0.55,16,5467031,0.8338775043351989,0.16562887276186522,5028.28135114125,0.4068548696344637,402
0.55,17,5467032,0.8423291508273658,0.1571722232251812,5079.244779489016,0.3963322324175889,402
0.55,18,5467033,0.8480490974219909,0.1514488906456507,5113.736057454605,0.38904921521381414,402
0.55,19,5467034,0.8305493991272629,0.16895894807805512,5008.212876737395,0.4109245553057308,402
0.55,20,5467035,0.8372046550943938,0.16229975245941286,5048.344070219195,0.40274524725449184,402
0.55,21,5467036,0.8389980686574275,0.16050527726561847,5059.158354004288,0.4005125723657723,402
0.55,22,5467037,0.84709771829522,0.15240083295169415,5107.999241320176,0.39026999754689773,402
0.55,23,5467038,0.8453120397759438,0.15418756852288718,5097.231599848941,0.39255107884774904,402
0.55,24,5467039,0.8384137588954925,0.16108993291610363,5055.63496613982,0.4012413617574627,402
0.55,25,5467040,0.8241093705434217,0.17540278890720573,4969.379504376833,0.41868725647797506,402
0.55,26,5467041,0.8433048864937353,0.1561959099614193,5085.1284655572235,0.39509935811987884,402
0.55,27,5467042,0.8304700317273049,0.16903836246041293,5007.734291315649,0.41102111570230854,402
0.55,28,5467043,0.8293407831308648,0.17016827952790237,5000.924922279115,0.4123925389111818,402
0.55,29,5467044,0.8468597353482499,0.15263895677527084,5106.564204149947,0.3905747738042304,402
0.6000000000000001,0,5472015,0.8156798343632361,0.18383731504346768,4918.549401210314,0.42863569020467657,402
0.6000000000000001,1,5472016,0.8259002828057895,0.17361081649474963,4980.178705318911,0.416543042763513,402
0.6000000000000001,2,5472017,0.8300796961301063,0.16942892912103458,5005.380567664542,0.4114956781673036,402
0.6000000000000001,3,5472018,0.8166818442516919,0.18283471200430657,4924.591520837702,0.427465255931735,402
0.6000000000000001,4,5472019,0.8335892477637754,0.16591729996991678,5026.543164015566,0.4072089654178799,402
0.6000000000000001,5,5472020,0.8134254149809483,0.1860930689539495,4904.9552523351185,0.4312574339063932,402
0.6000000000000001,6,5472021,0.8294667724891497,0.1700422155888398,5001.684638109573,0.4122397564419591,402
0.6000000000000001,7,5472022,0.813340986673613,0.18617754723954416,4904.446149641886,0.4313553090050737,402
0.6000000000000001,8,5472023,0.8285310229359115,0.17097851906925376,4996.042068303546,0.4133731562941212,402
0.6000000000000001,9,5472024,0.8203385031221037,0.17917588853470923,4946.641173826285,0.4231664993337396,402
0.6000000000000001,10,5472025,0.8255947106056862,0.17391656958165658,4978.336104952288,0.41690967687832486,402
0.6000000000000001,11,5472026,0.8279890161849306,0.17152084666705503,4992.773767595131,0.41402822741395906,402
0.6000000000000001,12,5472027,0.815241838393057,0.18427557029014863,4915.908285510133,0.4291463047579677,402
0.6000000000000001,13,5472028,0.8286406105265924,0.17086886660700074,4996.702881475352,0.413240582172036,402
0.6000000000000001,14,5472029,0.8234615647299875,0.1760509781963716,4965.473235321825,0.41946015847811813,402
0.6000000000000001,15,5472030,0.8210832699319128,0.17843068085204672,4951.132117689434,0.42228558979506126,402
0.6000000000000001,16,5472031,0.8237397768224339,0.17577260141323625,4967.150854239277,0.419128396148533,402
0.6000000000000001,17,5472032,0.8458788371886131,0.1536204355882944,5100.649388247337,0.3918284727937244,402
0.6000000000000001,18,5472033,0.817325598703697,0.1821905764748173,4928.473360183293,0.42671160117435103,402
0.6000000000000001,19,5472034,0.835678447807713,0.16382686320117834,5039.1410402805095,0.40463556624790464,402
0.6000000000000001,20,5472035,0.8382954429026173,0.16120831894742405,5054.921520702782,0.40138877211234775,402
0.6000000000000001,21,5472036,0.8097144095928949,0.1898062711122035,4882.577889845156,0.4355387235224678,402
0.6000000000000001,22,5472037,0.8351256403104884,0.16437999793884306,5035.807611072245,0.4053180836947536,402
0.6000000000000001,23,5472038,0.8339228282369041,0.16558352203018112,5028.5546542685315,0.4067991654902594,402
0.6000000000000001,24,5472039,0.8193218109718091,0.18019318252703453,4940.510520160009,0.4243660899608571,402
0.6000000000000001,25,5472040,0.8057645870765805,0.19375843176912788,4858.7604600717805,0.44004977241659277,402
0.6000000000000001,26,5472041,0.8291106656091097,0.17039853327023968,4999.537313622932,0.4126714476085859,402
0.6000000000000001,27,5472042,0.830351016375824,0.169157448264332,5007.016628746219,0.41116587030619584,402
0.6000000000000001,28,5472043,0.841426402485377,0.15807550595891795,5073.801206986824,0.3974694790736749,402
0.6000000000000001,29,5472044,0.8291772053482769,0.17033195414214664,4999.938548250109,0.41259081901103734,402
0.65,0,5477015,0.816139865174254,0.18337701191218303,4921.323387000752,0.42809873172694807,402
0.65,1,5477016,0.8025125902211598,0.1970123536796312,4839.150919033594,0.4437294209981073,402
0.65,2,5477017,0.8197473118985953,0.1797674297203241,4943.07629074853,0.42386445637948966,402
0.65,3,5477018,0.8096601568485902,0.18986055597201323,4882.250745796999,0.43560100141285873,402
0.65,4,5477019,0.8218033690771117,0.17771015543628832,4955.474315534983,0.42143210627972305,402
0.65,5,5477020,0.819114914600487,0.180400201372925,4939.262935040937,0.42460979107880736,402
0.65,6,5477021,0.8129711487861684,0.18654760405656856,4902.216027180595,0.4317837890591853,402
0.65,7,5477022,0.7747369345170729,0.2248044514866988,4671.66371513795,0.4739952054223782,402
0.65,8,5477023,0.802759598111765,0.1967651995700055,4840.640376613943,0.4434510019931293,402
0.65,9,5477024,0.8090810751305137,0.19043998048384203,4878.758883036998,0.43626518787311214,402
0.65,10,5477025,0.8062894493046583,0.19323325884311748,4861.925379307089,0.4394530008724679,402
0.65,11,5477026,0.8014772094354294,0.1980483473703344,4832.9075728956395,0.44489457160662915,402
0.65,12,5477027,0.8019611347802349,0.1975641355606319,4835.825642724816,0.44435037357949925,402
0.65,13,5477028,0.821943585875714,0.17756985563481942,4956.3198228305555,0.4212657159142689,402
0.65,14,5477029,0.8196128102554188,0.17990201098321834,4942.265245840175,0.42402308784434906,402
0.65,15,5477030,0.8189252202127475,0.18059000805233072,4938.119077882868,0.4248331073112452,402
0.65,16,5477031,0.8177384283033443,0.1817775024961763,4930.962722669166,0.42622759293261514,402
0.65,17,5477032,0.8067578171762142,0.19276461371608078,4864.749637572571,0.4389197786660579,402
0.65,18,5477033,0.8148900968987525,0.18462752000167515,4913.7872842994775,0.42955592462649494,402
0.65,19,5477034,0.8208330377808514,0.1786810611307651,4949.623217818534,0.42258176901000355,402
0.65,20,5477035,0.8070696421879595,0.19245260411611143,4866.629942393396,0.43856441612665736,402
0.65,21,5477036,0.8240996681687303,0.17541249702532402,4969.320999057443,0.4186988429787516,402
0.65,22,5477037,0.8091198119875102,0.19040122069613974,4878.992466284686,0.43622078961572364,402
0.65,23,5477038,0.7958384726723489,0.2036904220452731,4798.9059902142635,0.4511872301031209,402
0.65,24,5477039,0.8065072022775992,0.19301537696892412,4863.238429733923,0.4392051764299647,402
0.65,25,5477040,0.8375574996056917,0.1619466990779499,5050.471722622321,0.40230695951572065,402
0.65,26,5477041,0.8165678166810979,0.18294880707476713,4923.903934587021,0.4275986115498712,402
0.65,27,5477042,0.8261869948113183,0.17332393476691543,4981.907578712249,0.41619874395432443,402
0.65,28,5477043,0.8064582206316286,0.19306438761011535,4862.943070408721,0.43926093458085563,402
0.65,29,5477044,0.7879948297092387,0.2115387081385659,4751.608823146709,0.45979730270113245,402
0.7000000000000001,0,5482015,0.7831752581851068,0.2163611326607392,4722.546806856194,0.4650087430311054,402
0.7000000000000001,1,5482016,0.8047012968660741,0.1948223514058961,4852.3488201024265,0.4412562661474639,402
0.7000000000000001,2,5482017,0.7942512316785796,0.20527860262369702,4789.334927021835,0.4529427751956045,402
0.7000000000000001,3,5482018,0.7797506467050652,0.21978777137697725,4701.896399631543,0.46867658633156656,402
0.7000000000000001,4,5482019,0.7929994872686682,0.2065310880173934,4781.7869082300695,0.4543224647888406,402
0.7000000000000001,5,5482020,0.7958971300358392,0.20363172995891532,4799.25969411611,0.4511222220691819,402
0.7000000000000001,6,5482021,0.7935420852858998,0.20598816880333504,4785.058774273975,0.4537249210640471,402
0.7000000000000001,7,5482022,0.7940652876435227,0.20546465673035785,4788.213684490442,0.4531479908782038,402
0.7000000000000001,8,5482023,0.791535334509642,0.20799610749764852,4772.958067093141,0.4559309758843257,402
0.7000000000000001,9,5482024,0.777351727691278,0.22218811045709475,4687.430917978407,0.4712288845022103,402
0.7000000000000001,10,5482025,0.7998966851798961,0.199629807234476,4823.377011634773,0.4466673304603543,402
0.7000000000000001,11,5482026,0.7934680805283353,0.20606221736882457,4784.6125255858615,0.45380646618590637,402
0.7000000000000001,12,5482027,0.7870554947862072,0.21247859911117206,4745.944633560829,0.46081763691754285,402
0.7000000000000001,13,5482028,0.7957026434267648,0.2038263316964637,4798.086939863391,0.4513377292601525,402
0.7000000000000001,14,5482029,0.8076470327525405,0.19187487175887497,4870.111607497819,0.43790564797446374,402
0.7000000000000001,15,5482030,0.7727325117971797,0.22681006074652932,4659.577046136994,0.47610490176356696,402
0.7000000000000001,16,5482031,0.8019350709242332,0.19759021484541794,4835.668477673126,0.4443797006572671,402
0.7000000000000001,17,5482032,0.7762534390040001,0.2232870492883653,4680.808237194121,0.4723927923629607,402
0.7000000000000001,18,5482033,0.7875061864292123,0.21202764067632274,4748.6623041681505,0.46032836416113126,402
0.7000000000000001,19,5482034,0.7908317668754326,0.208700091616409,4768.715554258858,0.4567018966514624,402
0.7000000000000001,20,5482035,0.7978482186796746,0.20167948634683186,4811.024758638438,0.448954530660735,402
0.7000000000000001,21,5482036,0.8116167926713428,0.18790276189729938,4894.049259808197,0.4333492778454034,402
0.7000000000000001,22,5482037,0.7758674716789397,0.2236732450910025,4678.480854224006,0.4728011395941593,402
0.7000000000000001,23,5482038,0.8097016987084357,0.18981898952100973,4882.501243211867,0.43555331541849124,402
0.7000000000000001,24,5482039,0.804445444812203,0.1950783549141869,4850.806032217584,0.4415460841953788,402
0.7000000000000001,25,5482040,0.7985959123748291,0.2009313500462223,4815.533351620219,0.4481210516207049,402
0.7000000000000001,26,5482041,0.7935139893450631,0.2060162813758708,4784.889355750731,0.45375588143341167,402
0.7000000000000001,27,5482042,0.7968767588065434,0.20265152128625297,4805.1668556034565,0.45003514359873287,402
0.7000000000000001,28,5482043,0.8049526414471369,0.19457085803866137,4853.864427926235,0.44097136849611746,402
0.7000000000000001,29,5482044,0.7931926351402149,0.20633782580985305,4782.951589895496,0.4541098480987399,402
0.75,0,5487015,0.7708407432235305,0.22870294917326273,4648.169681637889,0.47808748786905625,402
0.75,1,5487016,0.7864841642380158,0.21305026786472592,4742.4995103552355,0.4614371301081652,402
0.75,2,5487017,0.7631655693178225,0.23638266648205353,4601.88838298647,0.4860481662990336,402
0.75,3,5487018,0.7584827220288621,0.24106828583364992,4573.650813834039,0.4908417945240741,402
0.75,4,5487019,0.7761117250295023,0.2234288471519993,4679.953701927899,0.4725427644679085,402
0.75,5,5487020,0.7718794949998022,0.22766358249652352,4654.4333548488075,0.4769998891830828,402
0.75,6,5487021,0.7690723472824789,0.2304723919356202,4637.5062541133475,0.47993337245704915,402
0.75,7,5487022,0.7856740561299209,0.21386085552516987,4737.614558463423,0.46231410658831773,402
0.75,8,5487023,0.7772936216800638,0.22224625086479743,4687.080538730785,0.47129053417229977,402
0.75,9,5487024,0.7830262951034469,0.21651018392272348,4721.648559473785,0.465168887799935,402
0.75,10,5487025,0.7790325950854707,0.22050624805507624,4697.566548365388,0.469442003015287,402
0.75,11,5487026,0.7728698188380079,0.22667267242529765,4660.405007593187,0.4759606816140044,402
0.75,12,5487027,0.773507584112935,0.22603452961824533,4664.250732200998,0.47529023256063296,402
0.75,13,5487028,0.7672007870907939,0.23234506001781663,4626.220746157487,0.481879240255981,402
0.75,14,5487029,0.7768081180097899,0.22273204193427543,4684.152951599033,0.47180533196508645,402
0.75,15,5487030,0.7851597694783432,0.21437544661435215,4734.513409954409,0.4628699815305939,402
0.75,16,5487031,0.7848317972386882,0.21470361300075913,4732.53573734929,0.4632241272232992,402
0.75,17,5487032,0.7750032297227789,0.2245379986446353,4673.269475228357,0.4737142171791939,402
0.75,18,5487033,0.7687377243090846,0.23080721299274098,4635.48847758378,0.48028185992330674,402
0.75,19,5487034,0.7522063960977284,0.24734832710451848,4535.8045684693025,0.49719412022141524,402
0.75,20,5487035,0.7776691685228113,0.22187048171299162,4689.345086192552,0.4708919416996475,402
0.75,21,5487036,0.7724522742208783,0.2270904642125271,4657.887213551896,0.4763991132019425,402
0.75,22,5487037,0.7625938948045333,0.23695467940431925,4598.441185671336,0.48663589517825556,402
0.75,23,5487038,0.7899881998329957,0.20954415801757664,4763.628844992964,0.45762450704423574,402
0.75,24,5487039,0.7595298167519283,0.24002057127141763,4579.964795014128,0.4897740014828749,402
0.75,25,5487040,0.7626704654912994,0.23687806339069817,4598.902906912535,0.48655721532947804,402
0.75,26,5487041,0.7691462024643438,0.2303984930343731,4637.951600859993,0.47985642312688886,402
0.75,27,5487042,0.7729510290858362,0.2265914141041755,4660.894705387593,0.4758753620378334,402
0.75,28,5487043,0.7815060591095947,0.2180313198368884,4712.481536430856,0.4668000965840526,402
0.75,29,5487044,0.7830170143238733,0.21651947019615603,4721.592596372956,0.46517886340267245,402
0.8,0,5492015,0.760335500944822,0.2392144101449598,4584.823070697277,0.4889508035944449,402
0.8,1,5492016,0.7429023934168375,0.25665783739148873,4479.70143230353,0.5064642098545938,402
0.8,2,5492017,0.7666272914149246,0.2329188951807195,4622.7625672319955,0.48247393490793977,402
0.8,3,5492018,0.7419604930136635,0.2576002953629013,4474.021772872391,0.5073932363234772,402
0.8,4,5492019,0.7629469392104818,0.23660142600987588,4600.570043439206,0.4862730200926159,402
0.8,5,5492020,0.7532168248598948,0.24633730020800237,4541.897453905166,0.49617694869933304,402
0.8,6,5492021,0.7407409582827816,0.25882055201069654,4466.6679784451735,0.5085935813571518,402
0.8,7,5492022,0.7818595595348947,0.2176776101531478,4714.613143995415,0.4664213006988217,402
0.8,8,5492023,0.7597128836261722,0.23983739602873677,4581.068688265818,0.48958707668228263,402
0.8,9,5492024,0.7528252161346595,0.24672914075030294,4539.536053291997,0.4965714179710869,402
0.8,10,5492025,0.7617438211859331,0.2378052562332893,4593.3152417511765,0.4875085313043685,402
0.8,11,5492026,0.7749535724762084,0.22458768528635564,4672.970042031537,0.47376662694228167,402
0.8,12,5492027,0.7626475331543584,0.23690100930268676,4598.764624920781,0.48658078067893024,402
0.8,13,5492028,0.736269677301347,0.26329447981577914,4439.706154127122,0.5129704786623969,402
0.8,14,5492029,0.7621555975234048,0.23739323614031382,4595.798253066131,0.48708602090089864,402
0.8,15,5492030,0.7524747098206428,0.2470798545503633,4537.422500218476,0.4969242190312652,402
0.8,16,5492031,0.777230345930031,0.22230956407160196,4686.698985958087,0.4713576596921328,402
0.8,17,5492032,0.7451497557715364,0.25440914468608034,4493.253027302365,0.5042406503931818,402
0.8,18,5492033,0.766700965328863,0.23284517765470258,4623.206820933044,0.48239757871657335,402
0.8,19,5492034,0.7720842349850102,0.22745872131324352,4655.667936959611,0.47678522868841616,402
0.8,20,5492035,0.7661065610964538,0.23343993375119398,4619.622563411616,0.4830132795110521,402
0.8,21,5492036,0.7460314241469952,0.25352695439739026,4498.569487606381,0.5033656376169119,402
0.8,22,5492037,0.7482140426809015,0.25134304383858674,4511.7306773658365,0.5011929235330184,402
0.8,23,5492038,0.7525074070781848,0.24704713793732225,4537.619664681454,0.4968913183003811,402
0.8,24,5492039,0.7410244952732824,0.25853684717737524,4468.377706497893,0.5083147587934005,402
0.8,25,5492040,0.7495225081344672,0.2500338038245944,4519.620724050837,0.49988586811992225,402
0.8,26,5492041,0.7607869474334266,0.23876269641767212,4587.545293023562,0.4884889372821547,402
0.8,27,5492042,0.7649602495712584,0.23458692384802582,4612.710304914688,0.4841984507505337,402
0.8,28,5492043,0.7361234449161822,0.26344079876480264,4438.824372844579,0.5131129937589705,402
0.8,29,5492044,0.7591482350556994,0.24040237884910243,4577.663857385867,0.49016339543541615,402
0.8500000000000001,0,5497015,0.7287669941110557,0.2708016043013889,4394.464974489666,0.5202320589596722,402
0.8500000000000001,1,5497016,0.7403866116363691,0.2591751084164795,4464.531268167306,0.508941821472854,402
0.8500000000000001,2,5497017,0.7386882450142875,0.26087448040524597,4454.290117436154,0.5106076226087777,402
0.8500000000000001,3,5497018,0.7481961113544324,0.25136098577970056,4511.622551467228,0.5012108118606811,402
0.8500000000000001,4,5497019,0.7378664735472911,0.2616967383288443,4449.3348354901655,0.5114116890854025,402
0.8500000000000001,5,5497020,0.7329704106125343,0.26659569954156914,4419.811575993582,0.5161763057986498,402
0.8500000000000001,6,5497021,0.7261614247464186,0.27340871606129,4378.753391220905,0.5227302980831098,402
0.8500000000000001,7,5497022,0.7655919967541708,0.23395480269546365,4616.51974042765,0.48354564678663453,402
0.8500000000000001,8,5497023,0.732276988107658,0.26728953252547627,4415.630238289177,0.5168475608656943,402
0.8500000000000001,9,5497024,0.7249403782581721,0.27463048536135126,4371.390480896778,0.5238969469488283,402
0.8500000000000001,10,5497025,0.7290433857697802,0.27052504902960106,4396.131616191775,0.5199663484406422,402
0.8500000000000001,11,5497026,0.7285833898410998,0.2709853172578992,4393.357840741832,0.5204084928586157,402
0.8500000000000001,12,5497027,0.7278493031910546,0.2717198384585605,4388.931298242059,0.5211133140588724,402
0.8500000000000001,13,5497028,0.7370571774749284,0.2625065134728627,4444.454780173818,0.512202315306703,402
0.8500000000000001,14,5497029,0.7597029371848261,0.2398473483579876,4581.008711224501,0.48959723456699533,402
0.8500000000000001,15,5497030,0.7377263554346287,0.261836939385955,4448.489923270811,0.5115486622461707,402
0.8500000000000001,16,5497031,0.7282094033747761,0.27135952510959926,4391.1027023499,0.5207676889993267,402
0.8500000000000001,17,5497032,0.7504330722491477,0.24912270069153375,4525.1114256623605,0.49897426489883,402
0.8500000000000001,18,5497033,0.744547995407523,0.2550112612687184,4489.624412307364,0.504836997329784,402
0.8500000000000001,19,5497034,0.7637614751074938,0.23578640793943673,4605.481694898188,0.4854347681954616,402
0.8500000000000001,20,5497035,0.7396352126925839,0.2599269521590821,4460.000332536281,0.5096794841740165,402
0.8500000000000001,21,5497036,0.7457224695793077,0.2538360918541108,4496.706491563225,0.5036724329374875,402
0.8500000000000001,22,5497037,0.7261095196808454,0.27346065185263424,4378.440403675498,0.5227799437618376,402
0.8500000000000001,23,5497038,0.7428794943661936,0.2566807499974759,4479.563351028148,0.5064868161307674,402
0.8500000000000001,24,5497039,0.7298834002505616,0.2696845372930664,4401.196903510887,0.5191579615395624,402
0.8500000000000001,25,5497040,0.7045267666912101,0.29505618098880027,4248.296403147997,0.5430300383857833,402
0.8500000000000001,26,5497041,0.7327623272475864,0.2668039060837393,4418.556833302946,0.5163778287580608,402
0.8500000000000001,27,5497042,0.7615388691897856,0.23801032955301094,4592.0793812144075,0.48771868950317016,402
0.8500000000000001,28,5497043,0.7178756283917207,0.2816994172837036,4328.790039202076,0.5305966084406825,402
0.8500000000000001,29,5497044,0.7331866230061687,0.2663793591586451,4421.115336727197,0.5159668267188374,402
0.9,0,5502015,0.7046158938738719,0.29496700104632856,4248.8338400594475,0.5429479674946796,402
0.9,1,5502016,0.697101604320188,0.3024857387658447,4203.522674050733,0.5498243219068137,402
0.9,2,5502017,0.7313435528688049,0.2682235203215213,4410.001623798894,0.5177497816626006,402
0.9,3,5502018,0.7340568323576576,0.2655086346772192,4426.362699116676,0.5151228561448404,402
0.9,4,5502019,0.7206754992710672,0.27889788899018764,4345.673260604535,0.5279515981691961,402
0.9,5,5502020,0.7176055888052715,0.28196961672303755,4327.161700495787,0.5308510153284103,402
0.9,6,5502021,0.7285378407265554,0.2710308933357398,4393.083179581129,0.5204522538657318,402
0.9,7,5502022,0.6905233865847132,0.3090678505492075,4163.856021105821,0.5557742371644823,402
0.9,8,5502023,0.702197272452825,0.29738705419676115,4234.249552890535,0.5451707226435133,402
0.9,9,5502024,0.7272209615092687,0.2723485520940726,4385.1423979008905,0.5217158496453858,402
0.9,10,5502025,0.7083442654222106,0.29123642244770087,4271.31592049593,0.539503590218142,402
0.9,11,5502026,0.7020567160768318,0.29752769377663724,4233.401997943296,0.5452996178282574,402
0.9,12,5502027,0.7255692705909633,0.27400122074887,4375.182701663509,0.5232963965951916,402
0.9,13,5502028,0.7325401520357168,0.2670262128146539,4417.217116775372,0.5165929124995412,402
0.9,14,5502029,0.7236943941281334,0.2758772070653144,4363.877196592644,0.5250847504473369,402
0.9,15,5502030,0.7187718506763296,0.2808026644705177,4334.1942595782675,0.5297513932064226,402
0.9,16,5502031,0.698585284112169,0.3010011806933942,4212.469263196379,0.5484734315974716,402
0.9,17,5502032,0.7180749930786998,0.28149993458061895,4329.99220826456,0.530408706755249,402
0.9,18,5502033,0.6963724441091393,0.30321533061124994,4199.12583797811,0.5504870072684152,402
0.9,19,5502034,0.6996568174316408,0.2999290130680622,4218.930609112794,0.5474957276991618,402
0.9,20,5502035,0.7151589887404731,0.2844176650794855,4312.408702105053,0.5331504483164227,402
0.9,21,5502036,0.6937339374594069,0.3058553991538324,4183.215642880224,0.5528783336513275,402
0.9,22,5502037,0.7419704197410851,0.25759036275924485,4474.081631038744,0.5073834541442894,402
0.9,23,5502038,0.7329370362495155,0.2666290936609069,4419.610328584578,0.5162086332394684,402
0.9,24,5502039,0.7039116375138158,0.2956716742986345,4244.587174208309,0.5435961292785847,402
0.9,25,5502040,0.7253984560283222,0.2741721364270585,4374.152689850783,0.5234595812974994,402
0.9,26,5502041,0.7306052619799258,0.26896224824976156,4405.549729738953,0.5184622718198014,402
0.9,27,5502042,0.6926472215736091,0.3069427583329766,4176.662746088863,0.5538602420348174,402
0.9,28,5502043,0.6976520516455756,0.3019349655971464,4206.841871422821,0.5493235272905211,402
0.9,29,5502044,0.7050257206687687,0.2945569316499812,4251.305095632675,0.5425704273287542,402
0.9500000000000001,0,5507015,0.6767658479267454,0.32283353313255314,4080.8980629982752,0.5680163213797029,402
0.9500000000000001,1,5507016,0.6907072093699201,0.30888391894809375,4164.964472500618,0.5556088371422429,402
0.9500000000000001,2,5507017,0.709036302212683,0.29054397599848647,4275.4889023424785,0.5388618441379872,402
0.9500000000000001,3,5507018,0.6867348819037159,0.312858597876959,4141.011337879407,0.5591721625552901,402
0.9500000000000001,4,5507019,0.7004016376378431,0.2991837519573979,4223.421874956194,0.546815098221174,402
0.9500000000000001,5,5507020,0.6888429347310675,0.31074929716469535,4153.722896428337,0.5572839981099476,402
0.9500000000000001,6,5507021,0.6942324617288974,0.3053565797774518,4186.221744225251,0.552427305219047,402
0.9500000000000001,7,5507022,0.7064088920297126,0.2931729415056322,4259.6456189391665,0.5412942797136905,402
0.9500000000000001,8,5507023,0.711960954577822,0.28761759235341355,4293.124556104267,0.5361412451049196,402
0.9500000000000001,9,5507024,0.6972581681778149,0.30232908222853083,4204.466754112224,0.5496819272112378,402
0.9500000000000001,10,5507025,0.6835936739203333,0.31600166533274054,4122.06985373961,0.5619739454459985,402
0.9500000000000001,11,5507026,0.6943524764822531,0.30523649398005104,4186.945433187986,0.5523186696086078,402
0.9500000000000001,12,5507027,0.686212202145655,0.3133815870410155,4137.8595789383,0.5596393366578339,402
0.9500000000000001,13,5507028,0.7004556770804427,0.29912968052555966,4223.747732795069,0.5467656830855725,402
0.9500000000000001,14,5507029,0.6820919602731107,0.31750426793577036,4113.014520446857,0.5633084670119604,402
0.9500000000000001,15,5507030,0.7057291794603942,0.2938530564382352,4255.546952146176,0.5419217746318019,402
0.9500000000000001,16,5507031,0.6981636012241053,0.3014231132012525,4209.926515381355,0.5488577120314245,402
0.9500000000000001,17,5507032,0.687411373380053,0.31218170594409844,4145.09058148172,0.558566930546754,402
0.9500000000000001,18,5507033,0.6831295321148815,0.3164660818920073,4119.271078652735,0.562386750524578,402
0.9500000000000001,19,5507034,0.6717417940684762,0.3278605610344165,4050.6030182329114,0.5724216935197332,402
0.9500000000000001,20,5507035,0.6902953331243133,0.309296039008346,4162.480858739609,0.5559793666640538,402
0.9500000000000001,21,5507036,0.7181443047367884,0.28143058189273684,4330.410157562834,0.5303433647588015,402
0.9500000000000001,22,5507037,0.712950545773882,0.28662741535802894,4299.091791016508,0.5352175665153318,402
0.9500000000000001,23,5507038,0.7011829087348236,0.29840201837845237,4228.132939670986,0.5461002477070047,402
0.9500000000000001,24,5507039,0.7043241828856946,0.2952588847160137,4247.074822800739,0.5432165372986917,402
0.9500000000000001,25,5507040,0.6731578106102468,0.326443706266177,4059.1415979797885,0.5711834894937254,402
0.9500000000000001,26,5507041,0.709446289792626,0.2901337457219144,4277.961127449535,0.5384812898215215,402
0.9500000000000001,27,5507042,0.6706511094368,0.32895189130878166,4044.0261899039037,0.5733735953492064,402
0.9500000000000001,28,5507043,0.6989502398831208,0.3006360088828849,4214.669946495218,0.5481406292160387,402
0.9500000000000001,29,5507044,0.6977175781490204,0.30186940030457177,4207.236996238593,0.5492638811458979,402
1.0,0,5512015,0.6716142240310249,0.3279882065883458,4049.83377090708,0.5725331127973741,402
1.0,1,5512016,0.6536654043414304,0.3459476512779355,3941.602388178825,0.587999136852296,402
1.0,2,5512017,0.694634467974649,0.3049543355597091,4188.645841887133,0.5520633308831755,402
1.0,3,5512018,0.6840821395905575,0.3155129105099239,4125.015301731062,0.5615391791228088,402
1.0,4,5512019,0.6791026257692919,0.32049537200882194,4094.9888333888302,0.5659556197363743,402
1.0,5,5512020,0.6865623184769596,0.3130312634545219,4139.970780416066,0.5593264438621831,402
1.0,6,5512021,0.6861033865121884,0.3134904670890858,4137.203420668496,0.5597365476438779,402
1.0,7,5512022,0.6706728547441692,0.32893013312904007,4044.15731410734,0.5733546324364235,402
1.0,8,5512023,0.6884616424362249,0.31113081516967944,4151.423703890436,0.5576259919016068,402
1.0,9,5512024,0.6750547320044503,0.3245456619686209,4070.5800339868356,0.5695205503544408,402
1.0,10,5512025,0.6842776764034559,0.31531725794687204,4126.194388712839,0.5613650442243617,402
1.0,11,5512026,0.6769066136447377,0.32269268408675555,4081.7468802777685,0.5678923979379702,402
1.0,12,5512027,0.6753935184085079,0.32420667501624856,4072.622916003303,0.5692230414099271,402
1.0,13,5512028,0.6935453192087891,0.3060441290590852,4182.0782748289985,0.5530488857883056,402
1.0,14,5512029,0.6691919049364344,0.3304119596012002,4035.2271867666996,0.5746446591973522,402
1.0,15,5512030,0.6707607227641503,0.32884221309462414,4044.6871582678264,0.5732780010748059,402
1.0,16,5512031,0.6677382630465369,0.3318664619903027,4026.4617261706176,0.5759080883560662,402
1.0,17,5512032,0.6828806384004894,0.31671512294175397,4117.770249554951,0.5626079904160499,402
1.0,18,5512033,0.692863432009861,0.30672641990859373,4177.966495019462,0.5536650226180216,402
1.0,19,5512034,0.6806864707840198,0.3189105894197263,4104.53941882764,0.5645546195864981,402
1.0,20,5512035,0.6735381558043406,0.3260631359225885,4061.4350795001737,0.5708504475570945,402
1.0,21,5512036,0.6751685740339701,0.32443175254906753,4071.2665014248396,0.5694205960856223,402
1.0,22,5512037,0.6787322643573378,0.32086595266026197,4092.7555540747467,0.5662827252558017,402
1.0,23,5512038,0.6695612752305672,0.33004237065428466,4037.45448964032,0.5743231790985877,402
1.0,24,5512039,0.6592544592882009,0.34035528782900104,3975.3043895078513,0.5832271684277702,402
1.0,25,5512040,0.6743698131150844,0.32523098630320957,4066.449973083959,0.5701215450808634,402
1.0,26,5512041,0.694679296112021,0.30490948088583125,4188.9161555554865,0.5520227288513169,402
1.0,27,5512042,0.6786536167745512,0.32094464679934487,4092.281309150543,0.5663521629745263,402
1.0,28,5512043,0.6628914585923634,0.3367161355633481,3997.2354953119516,0.5801007935592848,402
1.0,29,5512044,0.6745104256356278,0.32509029054554783,4067.2978665828355,0.5699982137207517,402
